FileName,Rekognition_words
2016-11-04_20-55-59_UTC.json,"['Soil', 'Sand', 'Nature', 'Outdoors', 'Dune']"
2017-02-26_19-10-32_UTC.jpg.json,"['Nature', 'Outdoors', 'Person', 'Human', 'Piste', 'Snow', 'Sport', 'Sports', 'Skiing']"
2017-05-19_13-50-11_UTC.jpg.json,"['Clothing', 'Apparel', 'Helmet', 'Crash Helmet']"
2017-08-09_17-07-53_UTC.jpg.json,"['Clothing', 'Apparel', 'Helmet', 'Crash Helmet', 'Person', 'Human', 'Hardhat']"
2017-08-11_17-55-02_UTC.jpg.json,"['Plant', 'Summer', 'Palm Tree', 'Arecaceae', 'Tree', 'Tropical']"
2017-08-12_12-38-03_UTC.jpg.json,"['Helmet', 'Clothing', 'Apparel', 'Person', 'Human', 'Crash Helmet', 'Outdoors']"
2017-08-13_17-15-14_UTC.jpg.json,"['Clothing', 'Apparel', 'Helmet', 'Crash Helmet', 'Person', 'Human']"
2017-08-19_19-19-15_UTC.jpg.json,"['Person', 'Human']"
2017-08-24_05-22-45_UTC.jpg.json,"['Helmet', 'Clothing', 'Apparel', 'Crash Helmet', 'Person', 'Human', 'Kart', 'Transportation', 'Vehicle', 'Car']"
2017-08-26_18-16-10_UTC.jpg.json,"['Clothing', 'Apparel', 'Person', 'Human', 'Crash Helmet', 'Helmet']"
2017-08-29_15-19-49_UTC.jpg.json,"['Clothing', 'Apparel', 'Helmet', 'Crash Helmet']"
2017-08-31_18-47-33_UTC.jpg.json,"['Clothing', 'Apparel', 'Person', 'Human', 'Helmet']"
2017-09-03_08-20-38_UTC.jpg.json,"['Car', 'Automobile', 'Vehicle', 'Transportation', 'Formula One', 'Person', 'Human', 'Wheel', 'Machine']"
2017-09-04_07-49-19_UTC.jpg.json,"['Person', 'Human', 'Clothing', 'Apparel']"
2017-09-09_09-26-29_UTC.jpg.json,"['Person', 'Human', 'Clothing', 'Apparel', 'Hat', 'Pants']"
2017-09-11_18-27-30_UTC.jpg.json,"['Car', 'Automobile', 'Vehicle', 'Transportation', 'Formula One', 'Kart', 'Sports Car', 'Race Car']"
2017-09-13_18-14-21_UTC.jpg.json,"['Clothing', 'Apparel', 'Crash Helmet', 'Helmet']"
2017-09-15_12-07-56_UTC.jpg.json,"['Clothing', 'Apparel', 'Helmet', 'Crash Helmet', 'Person', 'Human', 'Hardhat']"
2017-09-17_10-04-29_UTC.jpg.json,"['Person', 'Human', 'Astronaut']"
2017-09-24_10-26-06_UTC.jpg.json,"['Car', 'Transportation', 'Vehicle', 'Formula One', 'Sports Car', 'Race Car', 'Tire', 'Helmet', 'Clothing', 'Kart']"
2017-09-28_18-57-59_UTC.jpg.json,"['Car', 'Automobile', 'Vehicle', 'Transportation', 'Race Car', 'Sports Car', 'Formula One']"
2017-10-19_18-35-21_UTC.jpg.json,"['Person', 'Human', 'Clothing', 'Apparel', 'Paper']"
2017-10-29_16-29-51_UTC.jpg.json,"['Hug', 'Person', 'Human', 'Clothing', 'Apparel', 'Dating']"
2017-11-11_15-54-38_UTC.jpg.json,"['Clothing', 'Apparel', 'Helmet', 'Crash Helmet', 'Hardhat', 'Person', 'Human']"
2017-11-18_19-13-35_UTC.jpg.json,"['Car', 'Automobile', 'Transportation', 'Vehicle', 'Formula One', 'Kart']"
2017-12-22_18-49-51_UTC.jpg.json,"['Car', 'Automobile', 'Transportation', 'Vehicle', 'Sports Car', 'Race Car', 'Formula One']"
2018-01-19_16-10-18_UTC.jpg.json,"['Formula One', 'Car', 'Transportation', 'Vehicle', 'Automobile']"
2018-02-14_09-13-05_UTC.jpg.json,"['Person', 'Human', 'Sleeve', 'Clothing', 'Apparel', 'Symbol', 'Logo', 'Trademark']"
2018-04-10_19-19-08_UTC_1.jpg.json,"['Race Car', 'Sports Car', 'Car', 'Transportation', 'Vehicle', 'Automobile', 'Tire', 'Tarmac', 'Wheel', 'Machine']"
2018-04-10_19-19-08_UTC_2.jpg.json,"['Race Car', 'Sports Car', 'Car', 'Transportation', 'Vehicle', 'Automobile']"
2018-04-10_19-19-08_UTC_3.jpg.json,"['Race Car', 'Car', 'Sports Car', 'Vehicle', 'Transportation', 'Automobile', 'Wheel', 'Machine', 'Tire']"
2018-04-25_20-06-07_UTC.jpg.json,"['Car', 'Automobile', 'Transportation', 'Vehicle', 'Race Car', 'Sports Car']"
2018-04-28_18-18-03_UTC.jpg.json,"['Clothing', 'Apparel', 'Helmet', 'Crash Helmet']"
2018-04-30_16-55-50_UTC.jpg.json,"['Clothing', 'Apparel', 'Helmet', 'Crash Helmet', 'Person', 'Human', 'People']"
2018-05-07_17-25-09_UTC_1.jpg.json,"['Clothing', 'Apparel', 'Helmet', 'Crash Helmet']"
2018-05-07_17-25-09_UTC_2.jpg.json,"['Race Car', 'Sports Car', 'Car', 'Transportation', 'Vehicle', 'Tire', 'Wheel', 'Machine', 'Car Wheel', 'Spoke']"
2018-05-07_17-25-09_UTC_3.jpg.json,"['Person', 'Human', 'Audience', 'Crowd', 'Sunglasses', 'Accessories', 'Accessory', 'People', 'Pedestrian']"
2018-05-07_17-25-09_UTC_4.jpg.json,"['Race Car', 'Sports Car', 'Car', 'Vehicle', 'Transportation', 'Automobile', 'Tarmac', 'Asphalt', 'Tire']"
2018-06-15_15-18-18_UTC.jpg.json,"['Light', 'Helmet', 'Clothing', 'Apparel', 'Headlight', 'Sunglasses', 'Accessories', 'Accessory']"
2018-07-06_13-48-54_UTC.jpg.json,"['Person', 'Human', 'Race Car', 'Sports Car', 'Car', 'Vehicle', 'Transportation', 'Automobile', 'Wheel', 'Machine']"
2018-08-13_18-13-26_UTC.jpg.json,"['Wheel', 'Machine', 'Tire', 'Car', 'Transportation', 'Vehicle', 'Automobile', 'Car Wheel', 'Spoke', 'Alloy Wheel']"
2018-09-21_19-27-42_UTC_1.jpg.json,"['Clothing', 'Apparel', 'Crash Helmet', 'Helmet', 'Person', 'Human']"
2018-09-21_19-27-42_UTC_2.jpg.json,"['Helmet', 'Clothing', 'Apparel', 'Crash Helmet', 'Person', 'Human']"
2018-09-21_19-27-42_UTC_3.jpg.json,"['Race Car', 'Sports Car', 'Car', 'Vehicle', 'Transportation', 'Automobile', 'Person', 'Human', 'Pit Stop']"
2019-01-14_18-58-59_UTC.jpg.json,"['Clothing', 'Apparel', 'Helmet', 'Crash Helmet', 'Person', 'Human', 'Hardhat']"
2019-01-15_08-55-40_UTC.jpg.json,"['Boy', 'Person', 'Human']"
2019-04-14_17-08-10_UTC.jpg.json,"['Car', 'Transportation', 'Tire', 'Spoke', 'Machine', 'Alloy Wheel', 'Wheel', 'Light', 'Car Wheel', 'Headlight']"
2019-05-03_19-06-05_UTC_1.jpg.json,"['Clothing', 'Apparel', 'Helmet', 'Crash Helmet']"
2019-05-03_19-06-05_UTC_2.jpg.json,"['Car', 'Transportation', 'Vehicle', 'Race Car', 'Sports Car', 'Tarmac', 'Spoke', 'Tire', 'Alloy Wheel', 'Wheel']"
2019-05-05_18-20-12_UTC.jpg.json,"['Car', 'Automobile', 'Vehicle', 'Transportation', 'Sports Car', 'Race Car', 'Tarmac', 'Asphalt']"
2019-05-20_19-06-56_UTC.jpg.json,"['Race Car', 'Sports Car', 'Car', 'Vehicle', 'Transportation', 'Automobile', 'Tarmac', 'Asphalt']"
2019-05-27_17-33-57_UTC.jpg.json,"['Tarmac', 'Asphalt', 'Sports Car', 'Car', 'Vehicle', 'Transportation', 'Automobile', 'Race Car', 'Road']"
2019-06-01_07-03-43_UTC.jpg.json,"['Tarmac', 'Asphalt', 'Car', 'Automobile', 'Transportation', 'Vehicle', 'Sports Car', 'Race Car']"
2019-06-03_17-08-14_UTC_1.jpg.json,"['Clothing', 'Apparel', 'Helmet', 'Crash Helmet']"
2019-06-03_17-08-14_UTC_2.jpg.json,"['Car', 'Vehicle', 'Transportation', 'Race Car', 'Sports Car', 'Tarmac', 'Wheel', 'Machine', 'Person', 'Tire']"
2019-06-03_17-08-14_UTC_3.jpg.json,"['Race Car', 'Sports Car', 'Car', 'Vehicle', 'Transportation', 'Automobile', 'Tarmac', 'Asphalt']"
2019-06-03_17-08-14_UTC_4.jpg.json,"['Person', 'Human', 'Headphones', 'Headset', 'Electronics', 'Face']"
2019-06-03_17-08-14_UTC_5.jpg.json,"['Person', 'Human', 'Tarmac', 'Asphalt']"
2019-06-09_15-24-03_UTC.jpg.json,"['Clothing', 'Apparel', 'Helmet', 'Crash Helmet']"
2019-06-12_15-23-44_UTC.jpg.json,"['Mirror', 'Car', 'Transportation', 'Vehicle', 'Automobile', 'Fire Truck', 'Truck', 'Car Mirror']"
2019-06-16_12-34-43_UTC.jpg.json,"['Race Car', 'Sports Car', 'Car', 'Vehicle', 'Transportation', 'Automobile', 'Tarmac', 'Asphalt', 'Tire']"
2019-06-24_14-39-17_UTC.jpg.json,"['Car', 'Transportation', 'Wheel', 'Machine', 'Tire', 'Alloy Wheel', 'Spoke', 'Sports Car', 'Car Wheel', 'Race Car']"
2019-07-07_11-23-59_UTC.jpg.json,"['Tire', 'Spoke', 'Machine', 'Alloy Wheel', 'Wheel', 'Car Wheel', 'Car', 'Transportation', 'Logo', 'Symbol']"
2019-08-03_15-07-54_UTC.jpg.json,"['Clothing', 'Apparel', 'Crash Helmet', 'Helmet']"
2019-08-12_17-14-15_UTC.jpg.json,"['Alloy Wheel', 'Spoke', 'Wheel', 'Machine', 'Tire', 'Car Wheel', 'Car', 'Transportation', 'Vehicle', 'Automobile']"
2019-09-14_08-29-01_UTC.jpg.json,"['Machine', 'Helicopter', 'Transportation', 'Vehicle', 'Aircraft']"
2019-09-16_16-38-11_UTC.jpg.json,"['Car', 'Automobile', 'Vehicle', 'Transportation', 'Sports Car', 'Race Car', 'Coupe']"
2019-10-04_16-04-32_UTC_1.jpg.json,"['Clothing', 'Apparel', 'Person', 'Human', 'People', 'Sport', 'Sports', 'Team Sport', 'Team']"
2019-10-04_16-04-32_UTC_2.jpg.json,"['Glove', 'Clothing', 'Apparel', 'People', 'Person', 'Human', 'Team Sport', 'Sport', 'Team', 'Baseball']"
2019-10-04_16-04-32_UTC_3.jpg.json,"['Word', 'Text', 'Clothing', 'Apparel', 'Rug']"
2019-10-04_16-04-32_UTC_4.jpg.json,"['Clothing', 'Apparel', 'Glove']"
2019-10-05_17-29-46_UTC.jpg.json,"['Race Car', 'Sports Car', 'Car', 'Vehicle', 'Transportation', 'Automobile', 'Tire']"
2020-02-08_18-40-31_UTC_1.jpg.json,"['Car', 'Automobile', 'Vehicle', 'Transportation', 'Sports Car', 'Race Car', 'Offroad', 'Wheel', 'Machine']"
2020-02-08_18-40-31_UTC_2.jpg.json,"['Car', 'Automobile', 'Vehicle', 'Transportation', 'Nature', 'Outdoors', 'Snow']"
2020-02-08_18-40-31_UTC_3.jpg.json,"['Clothing', 'Apparel', 'Person', 'Human', 'Jacket', 'Coat']"
2020-02-08_18-40-31_UTC_4.jpg.json,"['Sports Car', 'Car', 'Vehicle', 'Transportation', 'Person', 'Coupe', 'Tire', 'Race Car', 'Wheel', 'Spoke']"
2020-02-08_18-40-31_UTC_5.jpg.json,"['Person', 'Human', 'Sports Car', 'Car', 'Vehicle', 'Transportation', 'Automobile', 'Race Car']"
2020-02-08_18-40-31_UTC_6.jpg.json,"['Car', 'Automobile', 'Transportation', 'Vehicle', 'Sports Car', 'Offroad', 'Tire']"
2020-02-09_15-52-32_UTC.jpg.json,"['Car', 'Transportation', 'Vehicle', 'Wheel', 'Tire', 'Sports Car', 'Alloy Wheel', 'Spoke', 'Coupe', 'Car Wheel']"
2020-02-11_18-13-24_UTC_1.jpg.json,"['Car', 'Vehicle', 'Transportation', 'Sports Car', 'Nature', 'Outdoors', 'Bird', 'Coupe', 'Offroad', 'Race Car']"
2020-02-11_18-13-24_UTC_2.jpg.json,"['Sports Car', 'Car', 'Vehicle', 'Coupe', 'Spoke', 'Machine', 'Tire', 'Alloy Wheel', 'Wheel', 'Car Wheel']"
2020-02-11_18-13-24_UTC_3.jpg.json,"['Car', 'Automobile', 'Transportation', 'Vehicle', 'Nature', 'Outdoors', 'Offroad']"
2020-02-15_17-10-39_UTC.jpg.json,"['Car', 'Automobile', 'Vehicle', 'Transportation', 'Bumper']"
2020-02-19_17-07-47_UTC.jpg.json,"['Clothing', 'Apparel', 'Jacket', 'Coat', 'Person', 'Human']"
2020-02-21_17-05-21_UTC.jpg.json,"['Sports Car', 'Car', 'Transportation', 'Vehicle', 'Coupe', 'Flyer', 'Advertisement', 'Paper', 'Poster', 'Tire']"
2020-02-22_17-34-07_UTC.jpg.json,"['Car', 'Automobile', 'Vehicle', 'Transportation', 'Formula One', 'Sports Car', 'Race Car']"
2020-02-28_17-27-13_UTC_1.jpg.json,"['Car', 'Transportation', 'Vehicle', 'Alloy Wheel', 'Wheel', 'Spoke', 'Machine', 'Tire', 'Car Wheel', 'Car Wash']"
2020-02-28_17-27-13_UTC_2.jpg.json,"['Nature', 'Outdoors', 'Snow', 'Winter']"
2020-02-28_17-27-13_UTC_3.jpg.json,"['Sports Car', 'Car', 'Vehicle', 'Tire', 'Race Car', 'Alloy Wheel', 'Wheel', 'Spoke', 'Machine', 'Car Wheel']"
2020-02-28_17-27-13_UTC_4.jpg.json,"['Vehicle', 'Transportation', 'Car', 'Automobile']"
2020-02-28_17-27-13_UTC_5.jpg.json,"['Car', 'Vehicle', 'Transportation', 'Sports Car', 'Tire', 'Wheel', 'Machine', 'Alloy Wheel', 'Spoke', 'Car Wheel']"
2020-03-04_17-26-36_UTC.jpg.json,"['Car', 'Transportation', 'Tire', 'Wheel', 'Machine', 'Car Wheel', 'Spoke', 'Alloy Wheel', 'Light', 'Person']"
2020-03-06_17-52-43_UTC.jpg.json,"['Car', 'Automobile', 'Vehicle', 'Transportation', 'Sports Car', 'Coupe', 'Bumper', 'Tire']"
2020-03-15_17-30-36_UTC.jpg.json,"['Car', 'Automobile', 'Transportation', 'Vehicle', 'Sports Car', 'Race Car', 'Tarmac', 'Asphalt']"
2020-03-20_18-13-24_UTC.jpg.json,"['Car', 'Automobile', 'Vehicle', 'Transportation']"
2020-03-21_17-39-57_UTC.jpg.json,"['Hug', 'Person', 'Human', 'Clothing', 'Apparel', 'Dating']"
2020-03-27_17-24-54_UTC.jpg.json,"['Offroad', 'Transportation', 'Vehicle', 'Nature', 'Car', 'Automobile', 'Outdoors']"
2020-03-29_16-28-02_UTC.jpg.json,"['Car', 'Automobile', 'Vehicle', 'Transportation', 'Sports Car', 'Coupe', 'Outdoors']"
2020-04-03_16-24-23_UTC_1.jpg.json,"['Car', 'Automobile', 'Vehicle', 'Transportation', 'Sports Car', 'Tire']"
2020-04-03_16-24-23_UTC_2.jpg.json,"['Nature', 'Car', 'Automobile', 'Transportation', 'Vehicle', 'Outdoors', 'Sports Car']"
2020-04-05_16-48-25_UTC.jpg.json,"['Spoke', 'Machine', 'Alloy Wheel', 'Wheel', 'Tire', 'Car', 'Vehicle', 'Transportation', 'Car Wheel', 'Sports Car']"
2020-04-10_16-34-07_UTC.jpg.json,"['Person', 'Human']"
2020-04-12_16-35-10_UTC.jpg.json,"['Car', 'Automobile', 'Transportation', 'Vehicle', 'Sports Car', 'Race Car', 'Tarmac', 'Asphalt']"
2020-04-17_16-27-16_UTC.jpg.json,"['Car', 'Automobile', 'Transportation', 'Vehicle']"
2020-04-19_16-25-06_UTC.jpg.json,"['Tarmac', 'Asphalt', 'Road', 'Car', 'Automobile', 'Vehicle', 'Transportation', 'Sports Car']"
2020-04-26_16-24-59_UTC_1.jpg.json,"['Clothing', 'Apparel', 'Helmet', 'Crash Helmet']"
2020-04-26_16-24-59_UTC_2.jpg.json,"['Clothing', 'Apparel', 'Helmet', 'Crash Helmet']"
2020-04-26_16-24-59_UTC_3.jpg.json,"['Clothing', 'Apparel', 'Crash Helmet', 'Helmet', 'Person', 'Human']"
2020-04-26_16-24-59_UTC_4.jpg.json,"['Clothing', 'Apparel', 'Helmet', 'Crash Helmet']"
2020-04-26_16-24-59_UTC_5.jpg.json,"['Clothing', 'Apparel', 'Helmet', 'Crash Helmet']"
2020-04-30_16-27-47_UTC_1.jpg.json,"['Tire', 'Alloy Wheel', 'Spoke', 'Wheel', 'Machine', 'Car', 'Transportation', 'Vehicle', 'Car Wheel', 'Sports Car']"
2020-04-30_16-27-47_UTC_2.jpg.json,"['Car', 'Transportation', 'Vehicle', 'Tire', 'Wheel', 'Machine', 'Spoke', 'Car Wheel', 'Alloy Wheel', 'Sports Car']"
2020-04-30_16-27-47_UTC_3.jpg.json,"['Car', 'Tire', 'Wheel', 'Machine', 'Spoke', 'Sports Car', 'Car Wheel', 'Alloy Wheel', 'Coupe', 'Race Car']"
2020-04-30_16-27-47_UTC_4.jpg.json,"['Wheel', 'Machine', 'Spoke', 'Alloy Wheel', 'Tire', 'Car', 'Automobile', 'Vehicle', 'Transportation', 'Car Wheel']"
2020-04-30_16-27-47_UTC_5.jpg.json,"['Car', 'Transportation', 'Vehicle', 'Automobile', 'Tire', 'Wheel', 'Machine', 'Car Wheel', 'Alloy Wheel', 'Spoke']"
2020-04-30_16-27-47_UTC_6.jpg.json,"['Car', 'Vehicle', 'Transportation', 'Sports Car', 'Race Car', 'Wheel', 'Tire', 'Spoke', 'Tarmac', 'Coupe']"
2020-04-30_16-27-47_UTC_7.jpg.json,"['Car', 'Wheel', 'Machine', 'Tire', 'Car Wheel', 'Spoke', 'Sports Car', 'Alloy Wheel', 'Coupe', 'Race Car']"
2020-05-03_17-00-22_UTC.jpg.json,"['Tire', 'Wheel', 'Machine', 'Car', 'Transportation', 'Vehicle', 'Automobile', 'Spoke', 'Alloy Wheel', 'Car Wheel']"
2020-05-09_17-13-27_UTC.jpg.json,"['Race Car', 'Sports Car', 'Car', 'Vehicle', 'Transportation', 'Tire', 'Alloy Wheel', 'Spoke', 'Wheel', 'Tarmac']"
2020-05-15_16-31-47_UTC.jpg.json,"['Car', 'Automobile', 'Transportation', 'Vehicle', 'Sports Car', 'Race Car', 'Tarmac', 'Asphalt']"
2020-05-16_16-48-43_UTC_1.jpg.json,"['Car', 'Automobile', 'Transportation', 'Vehicle', 'Race Car', 'Sports Car', 'Tarmac', 'Asphalt']"
2020-05-16_16-48-43_UTC_2.jpg.json,"['Car', 'Automobile', 'Vehicle', 'Transportation', 'Tarmac', 'Asphalt', 'Sports Car']"
2020-05-16_16-48-43_UTC_3.jpg.json,"['Car', 'Transportation', 'Vehicle', 'Sports Car', 'Race Car', 'Tire', 'Spoke', 'Tarmac', 'Alloy Wheel', 'Wheel']"
2020-05-16_16-48-43_UTC_4.jpg.json,"['Nature', 'Outdoors', 'Road', 'Water', 'Sea', 'Tarmac', 'Ice', 'Gravel', 'Tree', 'Fir']"
2020-05-22_16-26-01_UTC.jpg.json,"['Person', 'Human', 'Sunglasses', 'Accessories', 'Accessory', 'Crowd']"
2020-05-29_16-46-53_UTC.jpg.json,"['Helmet', 'Clothing', 'Apparel', 'Crash Helmet', 'Tire', 'Alloy Wheel', 'Spoke', 'Machine', 'Wheel']"
2020-05-31_16-27-07_UTC_1.jpg.json,"['Car', 'Transportation', 'Vehicle', 'Tire', 'Spoke', 'Machine', 'Alloy Wheel', 'Wheel', 'Car Wheel', 'Sports Car']"
2020-05-31_16-27-07_UTC_2.jpg.json,"['Car', 'Automobile', 'Vehicle', 'Transportation', 'Sports Car', 'Race Car', 'Tarmac', 'Asphalt', 'Coupe', 'Tire']"
2020-06-07_16-25-09_UTC.jpg.json,"['Sports Car', 'Car', 'Vehicle', 'Transportation', 'Race Car', 'Tire', 'Spoke', 'Wheel', 'Alloy Wheel', 'Tarmac']"
2020-06-10_16-25-23_UTC.jpg.json,"['Tarmac', 'Sports Car', 'Car', 'Vehicle', 'Transportation', 'Tire', 'Wheel', 'Race Car', 'Car Wheel', 'Road']"
2020-06-12_16-25-33_UTC_1.jpg.json,"['Spoke', 'Machine', 'Wheel', 'Tire', 'Alloy Wheel', 'Car', 'Transportation', 'Vehicle', 'Automobile', 'Car Wheel']"
2020-06-12_16-25-33_UTC_2.jpg.json,"['Car', 'Vehicle', 'Transportation', 'Sports Car', 'Tire', 'Race Car', 'Wheel', 'Machine', 'Car Wheel', 'Spoke']"
2020-06-12_16-25-33_UTC_3.jpg.json,"['Tire', 'Car', 'Transportation', 'Wheel', 'Machine', 'Car Wheel', 'Sports Car', 'Spoke', 'Alloy Wheel', 'Race Car']"
2020-06-12_16-25-33_UTC_4.jpg.json,"['Car', 'Transportation', 'Vehicle', 'Automobile', 'Tire', 'Wheel', 'Machine', 'Car Wheel', 'Spoke', 'Alloy Wheel']"
2020-06-12_16-25-33_UTC_5.jpg.json,"['Car', 'Vehicle', 'Transportation', 'Sports Car', 'Coupe', 'Tire', 'Wheel', 'Car Wheel', 'Alloy Wheel', 'Spoke']"
2020-06-14_16-24-12_UTC.jpg.json,"['Sports Car', 'Car', 'Tire', 'Race Car', 'Person', 'Spoke', 'Machine', 'Wheel', 'Alloy Wheel', 'Car Wheel']"
2020-06-16_17-22-15_UTC.jpg.json,"['Car', 'Automobile', 'Vehicle', 'Transportation', 'Sports Car', 'Race Car', 'Tire', 'Spoke', 'Machine']"
2020-06-18_16-57-43_UTC_1.jpg.json,"['Clothing', 'Apparel', 'Person', 'Human', 'Shoe', 'Footwear', 'Sneaker']"
2020-06-18_16-57-43_UTC_2.jpg.json,"['Shoe', 'Clothing', 'Footwear', 'Apparel', 'Sneaker', 'Running Shoe']"
2020-06-18_16-57-43_UTC_3.jpg.json,"['Shoe', 'Clothing', 'Footwear', 'Apparel', 'Sneaker']"
2020-06-21_17-06-20_UTC_1.jpg.json,"['Car', 'Transportation', 'Tire', 'Spoke', 'Machine', 'Alloy Wheel', 'Wheel', 'Sports Car', 'Car Wheel', 'Coupe']"
2020-06-21_17-06-20_UTC_2.jpg.json,"['Car', 'Automobile', 'Vehicle', 'Transportation', 'Tarmac', 'Asphalt', 'Sports Car', 'Race Car', 'Road']"
2020-06-21_17-06-20_UTC_3.jpg.json,"['Spoke', 'Machine', 'Tire', 'Alloy Wheel', 'Wheel', 'Car', 'Transportation', 'Car Wheel', 'Sports Car', 'Race Car']"
2020-06-21_17-06-20_UTC_4.jpg.json,"['Car', 'Vehicle', 'Transportation', 'Tire', 'Wheel', 'Machine', 'Car Wheel', 'Spoke', 'Alloy Wheel', 'Sports Car']"
2020-06-23_16-31-06_UTC_1.jpg.json,"['Helmet', 'Clothing', 'Person', 'Car', 'Shoe', 'Sports Car', 'Tire', 'Race Car', 'Machine', 'Crash Helmet']"
2020-06-23_16-31-06_UTC_2.jpg.json,"['Car', 'Transportation', 'Vehicle', 'Automobile', 'Tire', 'Wheel', 'Machine', 'Spoke', 'Alloy Wheel', 'Car Wheel']"
2020-06-23_16-31-06_UTC_3.jpg.json,"['Car', 'Automobile', 'Vehicle', 'Transportation', 'Sports Car', 'Person', 'Human', 'Coupe', 'Race Car', 'Tire']"
2020-06-23_16-31-06_UTC_4.jpg.json,"['Car', 'Transportation', 'Vehicle', 'Tire', 'Spoke', 'Wheel', 'Alloy Wheel', 'Formula One', 'Sports Car', 'Car Wheel']"
2020-06-23_16-31-06_UTC_5.jpg.json,"['Tire', 'Wheel', 'Machine', 'Spoke', 'Car', 'Transportation', 'Alloy Wheel', 'Car Wheel', 'Coupe', 'Sports Car']"
2020-06-26_17-09-34_UTC.jpg.json,"['Wheel', 'Machine', 'Tire', 'Car', 'Transportation', 'Vehicle', 'Automobile', 'Car Wheel', 'Spoke', 'Alloy Wheel']"
2020-06-28_14-56-49_UTC_1.jpg.json,"['Tarmac', 'Asphalt', 'Fire Truck', 'Truck', 'Transportation', 'Vehicle', 'Spoke', 'Machine']"
2020-06-28_14-56-49_UTC_2.jpg.json,"['Car', 'Transportation', 'Vehicle', 'Automobile', 'Tire', 'Wheel', 'Machine', 'Alloy Wheel', 'Spoke', 'Car Wheel']"
2020-06-30_16-25-01_UTC_1.jpg.json,"['Sports Car', 'Car', 'Vehicle', 'Transportation', 'Automobile', 'Coupe', 'Convertible']"
2020-06-30_16-25-01_UTC_2.jpg.json,"['Alloy Wheel', 'Spoke', 'Wheel', 'Machine', 'Car', 'Vehicle', 'Tire', 'Sports Car', 'Car Wheel', 'Coupe']"
2020-06-30_16-25-01_UTC_3.jpg.json,"['Alloy Wheel', 'Wheel', 'Spoke', 'Machine', 'Tire', 'Car Wheel', 'Car', 'Transportation', 'Vehicle', 'Automobile']"
2020-06-30_16-25-01_UTC_4.jpg.json,"['Tire', 'Wheel', 'Machine', 'Car', 'Vehicle', 'Transportation', 'Spoke', 'Alloy Wheel', 'Car Wheel', 'Lawn Mower']"
2020-07-02_14-43-41_UTC_1.jpg.json,"['Helmet', 'Clothing', 'Person', 'People', 'Football Helmet', 'Team', 'Sport', 'Team Sport', 'Football', 'American Football']"
2020-07-02_14-43-41_UTC_2.jpg.json,"['Tire', 'Wheel', 'Machine', 'Spoke', 'Car', 'Transportation', 'Vehicle', 'Automobile', 'Alloy Wheel', 'Car Wheel']"
2020-07-02_14-43-41_UTC_3.jpg.json,"['Tire', 'Wheel', 'Machine', 'Car', 'Transportation', 'Vehicle', 'Automobile', 'Spoke', 'Alloy Wheel', 'Car Wheel']"
2020-07-05_15-30-09_UTC.jpg.json,"['Car', 'Automobile', 'Vehicle', 'Transportation', 'Sports Car', 'Race Car', 'Light', 'Tarmac', 'Asphalt']"
2020-07-07_12-17-23_UTC_1.jpg.json,"['Helmet', 'Clothing', 'Apparel', 'Crash Helmet', 'Person', 'Human', 'Car', 'Transportation', 'Vehicle', 'Automobile']"
2020-07-07_12-17-23_UTC_2.jpg.json,"['Dynamite', 'Weapon', 'Bomb', 'Weaponry', 'Box', 'Cardboard']"
2020-07-10_16-18-20_UTC.jpg.json,"['Tarmac', 'Asphalt', 'Sports Car', 'Car', 'Transportation', 'Vehicle', 'Race Car', 'Coupe', 'Wheel', 'Machine']"
2020-07-12_16-28-24_UTC.jpg.json,"['Car', 'Automobile', 'Vehicle', 'Transportation', 'Sports Car', 'Tarmac', 'Asphalt', 'Race Car']"
2020-07-14_16-30-21_UTC.jpg.json,"['Car', 'Automobile', 'Vehicle', 'Transportation', 'Sports Car', 'Formula One', 'Race Car']"
2020-07-16_16-28-25_UTC.jpg.json,"['Race Car', 'Sports Car', 'Car', 'Vehicle', 'Transportation', 'Person', 'Tire', 'Wheel', 'Alloy Wheel', 'Spoke']"
2020-07-18_17-03-28_UTC_1.jpg.json,"['Person', 'Human', 'Hat', 'Clothing', 'Apparel']"
2020-07-18_17-03-28_UTC_2.jpg.json,"['Car', 'Automobile', 'Vehicle', 'Transportation', 'Formula One', 'Wheel', 'Machine']"
2020-07-18_17-03-28_UTC_3.jpg.json,"['Car', 'Vehicle', 'Transportation', 'Formula One', 'Helmet', 'Clothing', 'Wheel', 'Machine', 'Person', 'Tarmac']"
2020-07-18_17-03-28_UTC_4.jpg.json,"['Car', 'Automobile', 'Transportation', 'Vehicle', 'Wheel', 'Machine', 'Formula One', 'Tire', 'Helmet', 'Clothing']"
2020-07-20_16-10-01_UTC.jpg.json,"['Car', 'Automobile', 'Transportation', 'Vehicle', 'Race Car', 'Sports Car', 'Tarmac', 'Asphalt']"
2020-07-22_16-44-41_UTC_1.jpg.json,"['Car', 'Transportation', 'Vehicle', 'Automobile', 'Tire', 'Wheel', 'Machine', 'Car Wheel', 'Spoke', 'Alloy Wheel']"
2020-07-22_16-44-41_UTC_2.jpg.json,"['Car', 'Automobile', 'Vehicle', 'Transportation', 'Tire', 'Wheel', 'Machine', 'Spoke', 'Car Wheel', 'Alloy Wheel']"
2020-07-24_16-34-04_UTC.jpg.json,"['Race Car', 'Sports Car', 'Car', 'Vehicle', 'Transportation', 'Automobile', 'Tarmac', 'Asphalt']"
2020-07-26_16-10-01_UTC.jpg.json,"['Sports Car', 'Car', 'Spoke', 'Machine', 'Tarmac', 'Tire', 'Race Car', 'Alloy Wheel', 'Wheel', 'Car Wheel']"
2020-07-28_16-23-34_UTC.jpg.json,"['Person', 'Human', 'Driving', 'Transportation', 'Vehicle', 'Car', 'Automobile']"
2020-07-29_16-12-39_UTC_1.jpg.json,"['Sports Car', 'Car', 'Vehicle', 'Transportation', 'Race Car', 'Tire', 'Spoke', 'Alloy Wheel', 'Wheel', 'Car Wheel']"
2020-07-29_16-12-39_UTC_2.jpg.json,"['Race Car', 'Sports Car', 'Car', 'Vehicle', 'Transportation', 'Automobile', 'Tarmac', 'Asphalt']"
2020-08-03_16-09-11_UTC.jpg.json,"['Sports Car', 'Car', 'Vehicle', 'Transportation', 'Automobile', 'Race Car', 'Person', 'Human', 'Tire']"
2020-08-05_16-14-55_UTC.jpg.json,"['Car', 'Vehicle', 'Wheel', 'Machine', 'Tire', 'Spoke', 'Alloy Wheel', 'Sports Car', 'Car Wheel', 'Coupe']"
2020-08-09_16-23-49_UTC.jpg.json,"['Goggles', 'Accessories', 'Accessory', 'Glasses', 'Clothing', 'Apparel', 'Person', 'Human']"
2020-08-17_16-09-10_UTC_1.jpg.json,['Cushion']
2020-08-17_16-09-10_UTC_2.jpg.json,"['Tire', 'Car', 'Automobile', 'Vehicle', 'Transportation', 'Wheel', 'Machine', 'Car Wheel', 'Spoke', 'Alloy Wheel']"
2020-08-19_06-00-03_UTC.jpg.json,"['Clothing', 'Helmet', 'Crash Helmet', 'Football Helmet', 'Team', 'Sport', 'Team Sport', 'Football', 'People', 'Person']"
2020-08-21_16-23-51_UTC.jpg.json,"['Helmet', 'Clothing', 'Apparel']"
2020-08-22_16-43-06_UTC.jpg.json,"['Race Car', 'Car', 'Sports Car', 'Vehicle', 'Transportation', 'Automobile']"
2020-08-23_16-10-09_UTC.jpg.json,"['Race Car', 'Transportation', 'Vehicle', 'Sports Car', 'Car', 'Automobile', 'Clothing', 'Apparel', 'Crash Helmet', 'Helmet']"
2020-08-24_17-42-28_UTC.jpg.json,"['Clothing', 'Apparel', 'Crash Helmet', 'Helmet']"
2020-08-25_16-10-33_UTC.jpg.json,"['Helmet', 'Clothing', 'Car', 'Automobile', 'Vehicle', 'Transportation', 'Sports Car', 'Race Car', 'Formula One', 'Kart']"
2020-08-26_14-25-38_UTC_1.jpg.json,"['Clothing', 'Apparel', 'Helmet', 'Crash Helmet', 'Person', 'Human']"
2020-08-26_14-25-38_UTC_2.jpg.json,"['Person', 'Human', 'Clinic', 'Doctor']"
2020-08-27_16-35-12_UTC.jpg.json,"['Car', 'Automobile', 'Vehicle', 'Transportation', 'Race Car', 'Sports Car']"
2020-08-28_19-58-32_UTC_1.jpg.json,"['Car', 'Automobile', 'Vehicle', 'Transportation', 'Race Car', 'Sports Car', 'Tarmac', 'Asphalt']"
2020-08-28_19-58-32_UTC_2.jpg.json,"['Tarmac', 'Asphalt', 'Road', 'Sports Car', 'Transportation', 'Vehicle', 'Car', 'Automobile']"
2020-08-29_10-25-16_UTC.jpg.json,"['Clothing', 'Apparel', 'Ninja', 'Helmet', 'Person', 'Human']"
2020-08-29_17-05-30_UTC.jpg.json,"['Race Car', 'Sports Car', 'Car', 'Vehicle', 'Transportation', 'Automobile', 'Person', 'Human']"
2020-08-30_08-49-33_UTC.jpg.json,"['Car', 'Automobile', 'Vehicle', 'Transportation', 'Race Car', 'Sports Car', 'Tarmac', 'Asphalt', 'Person', 'Human']"
2020-08-30_13-35-23_UTC.jpg.json,"['Clothing', 'Apparel', 'Person', 'Human', 'Sunglasses', 'Accessories', 'Accessory']"
2020-08-31_16-09-29_UTC.jpg.json,"['Car', 'Transportation', 'Vehicle', 'Automobile', 'Tarmac', 'Asphalt', 'Road', 'Light', 'Nature']"
2020-09-01_16-09-05_UTC.jpg.json,"['Helmet', 'Clothing', 'Apparel', 'Car', 'Transportation', 'Vehicle', 'Automobile']"
2020-09-02_16-09-31_UTC.jpg.json,"['Clothing', 'Apparel', 'Helmet', 'Crash Helmet', 'Person', 'Human']"
2020-09-03_17-49-58_UTC_1.jpg.json,"['Sunglasses', 'Accessories', 'Accessory', 'Person', 'Human', 'Clothing', 'Apparel', 'Shoe', 'Footwear']"
2020-09-03_17-49-58_UTC_2.jpg.json,"['Tarmac', 'Asphalt', 'Rug']"
2020-09-03_17-49-58_UTC_3.jpg.json,"['Tarmac', 'Asphalt', 'Person', 'Human', 'Road', 'Zebra Crossing']"
2020-09-03_17-49-58_UTC_4.jpg.json,"['Tarmac', 'Asphalt', 'Soil']"
2020-09-04_14-46-50_UTC_1.jpg.json,"['Car', 'Transportation', 'Vehicle', 'Automobile', 'Helmet', 'Clothing', 'Apparel']"
2020-09-04_14-46-50_UTC_2.jpg.json,"['Sports Car', 'Car', 'Vehicle', 'Transportation', 'Automobile', 'Race Car']"
2020-09-04_14-46-50_UTC_3.jpg.json,['Steering Wheel']
2020-09-05_10-27-28_UTC.jpg.json,"['Car', 'Automobile', 'Vehicle', 'Transportation', 'Sports Car', 'Race Car', 'Tarmac', 'Asphalt', 'Tire', 'Person']"
2020-09-05_16-10-38_UTC.jpg.json,"['Race Car', 'Sports Car', 'Car', 'Transportation', 'Vehicle', 'Automobile', 'Tarmac', 'Asphalt']"
2020-09-06_09-04-56_UTC.jpg.json,"['Person', 'Human', 'Tire']"
2020-09-06_18-18-41_UTC.jpg.json,"['Race Car', 'Sports Car', 'Car', 'Vehicle', 'Transportation', 'Automobile', 'Tarmac', 'Asphalt', 'Tire']"
2020-09-07_16-28-52_UTC_1.jpg.json,"['Person', 'Human', 'Car', 'Automobile', 'Vehicle', 'Transportation', 'Formula One', 'Tire']"
2020-09-07_16-28-52_UTC_2.jpg.json,"['Person', 'Human', 'Shorts', 'Clothing', 'Apparel', 'Car', 'Vehicle', 'Transportation', 'Sports Car', 'Race Car']"
2020-09-08_16-28-04_UTC_1.jpg.json,"['Car', 'Automobile', 'Vehicle', 'Transportation', 'Machine', 'Alloy Wheel', 'Spoke', 'Wheel', 'Tire']"
2020-09-08_16-28-04_UTC_2.jpg.json,"['Paper', 'Confetti', 'Person', 'Human']"
2020-09-09_16-05-00_UTC_1.jpg.json,"['Car', 'Automobile', 'Vehicle', 'Transportation', 'Sports Car', 'Race Car', 'Tarmac', 'Asphalt']"
2020-09-09_16-05-00_UTC_2.jpg.json,"['Race Car', 'Car', 'Sports Car', 'Vehicle', 'Transportation', 'Automobile', 'Tarmac', 'Asphalt']"
2020-09-10_14-59-42_UTC.jpg.json,"['Audience', 'Person', 'Crowd', 'Human', 'Sunglasses', 'Accessories', 'Accessory', 'Festival', 'People']"
2020-09-11_16-13-30_UTC.jpg.json,"['Car', 'Vehicle', 'Tire', 'Sports Car', 'Race Car', 'Wheel', 'Machine', 'Alloy Wheel', 'Spoke', 'Car Wheel']"
2020-09-13_16-44-37_UTC_1.jpg.json,"['Car', 'Tire', 'Spoke', 'Machine', 'Alloy Wheel', 'Wheel', 'License Plate', 'Sports Car', 'Car Wheel', 'Coupe']"
2020-09-13_16-44-37_UTC_2.jpg.json,"['Person', 'Car', 'Vehicle', 'Transportation', 'Wheel', 'Machine', 'Tire', 'Car Show', 'Sports Car', 'Coupe']"
2020-09-13_16-44-37_UTC_3.jpg.json,"['Tarmac', 'Asphalt', 'Guard Rail', 'Road']"
2020-09-13_16-44-37_UTC_4.jpg.json,"['Person', 'Car', 'Vehicle', 'Transportation', 'Sports Car', 'Coupe', 'Tire', 'Spoke', 'Alloy Wheel', 'Wheel']"
2020-09-13_16-44-37_UTC_5.jpg.json,"['Car', 'Vehicle', 'Transportation', 'Spoke', 'Machine', 'Alloy Wheel', 'Wheel', 'Tire', 'Convertible', 'Car Wheel']"
2020-09-20_16-06-08_UTC.jpg.json,"['Race Car', 'Sports Car', 'Car', 'Vehicle', 'Transportation', 'Automobile', 'Tire', 'Tarmac', 'Spoke', 'Machine']"
2020-10-01_16-09-37_UTC.jpg.json,"['Person', 'Human', 'Clothing', 'Apparel', 'Paper']"
2020-10-14_16-53-10_UTC_1.jpg.json,"['Race Car', 'Sports Car', 'Car', 'Vehicle', 'Transportation', 'Automobile', 'Tarmac', 'Asphalt', 'Tire']"
2020-10-14_16-53-10_UTC_2.jpg.json,"['Person', 'Human', 'Car', 'Automobile', 'Vehicle', 'Transportation', 'Race Car', 'Sports Car', 'Tarmac', 'Car Show']"
2020-11-04_17-13-38_UTC.jpg.json,"['Person', 'Human', 'Sports Car', 'Transportation', 'Vehicle', 'Car', 'Automobile', 'Race Car', 'People']"
2020-12-02_17-11-16_UTC_1.jpg.json,"['Sports Car', 'Car', 'Vehicle', 'Transportation', 'Automobile', 'Race Car', 'Tarmac', 'Asphalt']"
2020-12-02_17-11-16_UTC_2.jpg.json,"['Road', 'Car', 'Transportation', 'Vehicle', 'Automobile', 'Nature', 'Person', 'Human', 'Outdoors', 'Building']"
2020-12-02_17-11-16_UTC_3.jpg.json,"['Road', 'Highway', 'Freeway']"
2020-12-06_16-50-16_UTC.jpg.json,"['Car', 'Automobile', 'Transportation', 'Vehicle', 'Person', 'Human', 'Driving']"
2020-12-16_17-17-34_UTC.jpg.json,"['Helmet', 'Clothing', 'Apparel', 'Race Car', 'Sports Car', 'Car', 'Transportation', 'Vehicle', 'Person', 'People']"
2020-12-23_17-09-15_UTC.jpg.json,"['Car', 'Transportation', 'Vehicle', 'Tire', 'Wheel', 'Machine', 'Spoke', 'Sports Car', 'Alloy Wheel', 'Car Wheel']"
2021-01-09_17-09-46_UTC.jpg.json,"['Race Car', 'Car', 'Sports Car', 'Transportation', 'Vehicle', 'Automobile', 'Person', 'Human']"
2021-01-16_17-10-37_UTC.jpg.json,"['Clothing', 'Person', 'Car', 'Transportation', 'Vehicle', 'Tire', 'Sleeve', 'Spoke', 'Machine', 'Wheel']"
2021-01-27_17-44-16_UTC_1.jpg.json,"['Tarmac', 'Asphalt', 'Sports Car', 'Car', 'Vehicle', 'Transportation', 'Automobile', 'Race Car', 'Tire']"
2021-01-27_17-44-16_UTC_2.jpg.json,"['Tarmac', 'Asphalt', 'Car', 'Transportation', 'Automobile', 'Vehicle', 'Sports Car', 'Rug', 'Road']"
2021-01-30_17-54-12_UTC.jpg.json,"['Race Car', 'Sports Car', 'Car', 'Transportation', 'Vehicle', 'Automobile', 'Person', 'Human']"
2021-02-01_20-07-41_UTC_1.jpg.json,"['Pants', 'Clothing', 'Apparel', 'Person', 'Human', 'Furniture', 'Jeans', 'Denim']"
2021-02-01_20-07-41_UTC_2.jpg.json,"['Furniture', 'Chair', 'Armchair']"
2021-02-01_20-07-41_UTC_3.jpg.json,"['Chair', 'Furniture']"
2021-02-03_18-50-13_UTC.jpg.json,"['Person', 'Human', 'Driving', 'Transportation', 'Vehicle', 'Helmet', 'Clothing', 'Apparel']"
2021-02-05_18-30-56_UTC_1.jpg.json,"['Person', 'Human', 'Tire', 'Car', 'Transportation', 'Vehicle', 'Automobile', 'Cushion']"
2021-02-05_18-30-56_UTC_2.jpg.json,"['Person', 'Tire', 'Spoke', 'Machine', 'Car', 'Transportation', 'Vehicle', 'Wheel', 'Alloy Wheel', 'Car Wheel']"
2021-02-07_17-49-50_UTC.jpg.json,"['Car', 'Sports Car', 'Tire', 'Tree', 'Alloy Wheel', 'Spoke', 'Wheel', 'Coupe', 'Fir', 'Car Wheel']"
2021-02-09_17-11-26_UTC_1.jpg.json,"['Car', 'Automobile', 'Vehicle', 'Transportation', 'Race Car', 'Sports Car', 'Airplane', 'Aircraft']"
2021-02-09_17-11-26_UTC_2.jpg.json,"['Car', 'Vehicle', 'Transportation', 'Race Car', 'Sports Car', 'Tire', 'Wheel', 'Car Wheel', 'Spoke', 'Alloy Wheel']"
2021-02-10_17-47-41_UTC.jpg.json,"['Person', 'Human', 'Race Car', 'Sports Car', 'Car', 'Vehicle', 'Transportation', 'Automobile', 'Formula One']"
2021-02-12_18-46-21_UTC.jpg.json,"['Race Car', 'Sports Car', 'Car', 'Vehicle', 'Transportation', 'Automobile']"
2021-02-14_18-50-54_UTC.jpg.json,"['Car', 'Automobile', 'Vehicle', 'Transportation', 'Sports Car', 'Race Car', 'Tarmac', 'Wheel', 'Machine', 'Coupe']"
2021-02-15_17-36-51_UTC_1.jpg.json,"['Person', 'Human']"
2021-02-15_17-36-51_UTC_2.jpg.json,"['Gun', 'Weapon', 'Weaponry', 'Wheel', 'Machine', 'Spoke']"
2021-02-15_17-36-51_UTC_3.jpg.json,['Robot']
2021-02-15_17-36-51_UTC_4.jpg.json,"['Guitar', 'Musical Instrument', 'Leisure Activities', 'Electric Guitar']"
2021-02-20_18-22-30_UTC.jpg.json,"['Clothing', 'Apparel', 'Helmet', 'Crash Helmet']"
2021-02-26_17-30-49_UTC_1.jpg.json,['Machine']
2021-02-26_17-30-49_UTC_2.jpg.json,"['Steering Wheel', 'Helmet', 'Clothing', 'Apparel']"
2021-02-26_17-30-49_UTC_3.jpg.json,['Machine']
2021-02-26_17-30-49_UTC_4.jpg.json,"['Steering Wheel', 'Belt', 'Accessories', 'Accessory']"
2021-02-26_17-30-49_UTC_5.jpg.json,['Robot']
2021-03-18_08-02-14_UTC.jpg.json,"['Person', 'Human', 'Chef']"
2021-04-20_17-22-48_UTC.jpg.json,"['Spoke', 'Machine', 'Tire', 'Alloy Wheel', 'Wheel', 'Car', 'Car Wheel', 'Person', 'Helmet', 'Sports Car']"
2021-05-02_17-56-46_UTC.jpg.json,"['Clothing', 'Apparel', 'Helmet', 'Crash Helmet', 'Hardhat']"
2021-05-23_16-07-22_UTC.jpg.json,"['Clothing', 'Apparel', 'Helmet', 'Crash Helmet', 'Person', 'Human']"
2021-06-01_17-37-28_UTC.jpg.json,"['Clothing', 'Apparel', 'Helmet', 'Crash Helmet', 'Person', 'Human']"
2021-06-05_21-58-51_UTC.jpg.json,"['Person', 'Shoe', 'Clothing', 'Wheel', 'Car', 'Vehicle', 'Transportation', 'Helmet', 'Sports Car', 'Race Car']"
2021-06-16_19-40-51_UTC.jpg.json,"['Tarmac', 'Asphalt', 'Sports Car', 'Car', 'Transportation', 'Vehicle', 'Automobile', 'Race Car']"
2021-07-20_16-27-29_UTC.jpg.json,"['Clothing', 'Apparel', 'Helmet', 'Crash Helmet', 'Person', 'Human', 'Pants']"
2021-07-23_16-50-30_UTC.jpg.json,"['Helmet', 'Clothing', 'Apparel', 'Person', 'Human']"
2021-08-20_19-38-38_UTC.jpg.json,"['Clothing', 'Apparel', 'Shoe', 'Footwear', 'Sleeve', 'Person', 'Human', 'Long Sleeve']"
2021-08-23_16-36-47_UTC_1.jpg.json,"['Person', 'Human', 'Crowd', 'Text', 'Press Conference']"
2021-08-23_16-36-47_UTC_2.jpg.json,"['Race Car', 'Sports Car', 'Car', 'Transportation', 'Vehicle', 'Automobile', 'Person', 'Human', 'Clothing', 'Apparel']"
2021-08-23_16-36-47_UTC_3.jpg.json,"['Race Car', 'Sports Car', 'Car', 'Vehicle', 'Person', 'Tire', 'Spoke', 'Machine', 'Wheel', 'Tarmac']"
2021-08-30_20-44-59_UTC.jpg.json,"['Race Car', 'Car', 'Sports Car', 'Transportation', 'Vehicle', 'Automobile', 'Tarmac', 'Asphalt']"
2021-10-07_18-45-29_UTC.jpg.json,"['Race Car', 'Sports Car', 'Car', 'Vehicle', 'Transportation', 'Automobile', 'Person', 'Human', 'Tarmac', 'Asphalt']"
2021-12-24_23-21-59_UTC.jpg.json,"['Car', 'Transportation', 'Vehicle', 'Automobile', 'Person', 'Human', 'Clothing', 'Shoe', 'Footwear', 'Fashion']"
2022-01-10_08-01-21_UTC.jpg.json,"['Cushion', 'Person', 'Human', 'Car Seat', 'Car', 'Transportation', 'Vehicle', 'Automobile']"
